matricule,firstName,lastName,email,phone,ssn,department,position,hireDate
EMP001,Lucas,Martin,lucas.martin@daystrack.eu,+33 6 01 10 10 10,185031510010088,Production,Technician,2015-03-15
EMP002,Emma,Durand,emma.durand@daystrack.eu,+33 6 02 13 17 21,290052023715386,Administration,Secretary,2018-06-01
EMP003,Noah,Garcia,noah.garcia@daystrack.eu,+33 6 03 16 24 32,188071037420659,Logistics,Warehouse Manager,2016-09-12
EMP004,Olivia,Andre,olivia.andre@daystrack.eu,+33 6 04 19 31 43,292082551125914,Quality,Quality Inspector,2019-02-20
EMP005,Liam,Marchand,liam.marchand@daystrack.eu,+33 6 05 22 38 54,187060564831249,Maintenance,Maintenance Engineer,2017-04-10
EMP006,Ava,Garnier,ava.garnier@daystrack.eu,+33 6 06 25 45 65,291091878536590,Security,Security Officer,2018-11-05
EMP007,Ethan,Morin,ethan.morin@daystrack.eu,+33 6 07 28 52 76,186042092241865,Production,Production Supervisor,2015-07-22
EMP008,Mia,Vidal,mia.vidal@daystrack.eu,+33 6 08 31 59 87,293031215947111,Administration,HR Assistant,2020-01-08
EMP009,Elias,Leclerc,elias.leclerc@daystrack.eu,+33 6 09 34 66 98,189062829652475,Logistics,Logistics Coordinator,2017-08-14
EMP010,Sofia,Thomas,sofia.thomas@daystrack.eu,+33 6 10 37 73 19,294071543357758,Quality,Lab Technician,2020-05-18
EMP011,Paul,Simon,paul.simon@daystrack.eu,+33 6 11 40 80 30,187082557063011,Maintenance,Electrician,2016-12-03
EMP012,Chloé,Roux,chlo.roux@daystrack.eu,+33 6 12 43 87 41,292041070768365,Security,Security Manager,2019-03-25
EMP013,Louis,Guerin,louis.guerin@daystrack.eu,+33 6 13 46 94 52,188052084473665,Production,Operator,2017-01-17
EMP014,Léa,Bonnet,la.bonnet@daystrack.eu,+33 6 14 49 11 63,291080598178938,Administration,Accountant,2018-09-10
EMP015,Hugo,Gauthier,hugo.gauthier@daystrack.eu,+33 6 15 52 18 74,186091521884224,Logistics,Truck Driver,2015-11-20
EMP016,Camille,Rodriguez,camille.rodriguez@daystrack.eu,+33 6 16 55 25 85,293062235589581,Quality,Quality Manager,2019-07-15
EMP017,Nathan,Barbier,nathan.barbier@daystrack.eu,+33 6 17 58 32 96,189033049294871,Maintenance,Mechanic,2017-05-08
EMP018,Manon,Chevalier,manon.chevalier@daystrack.eu,+33 6 18 61 39 17,294051262910138,Security,Security Guard,2020-02-12
EMP019,Théo,Petit,tho.petit@daystrack.eu,+33 6 19 64 46 28,187070876615494,Production,Team Leader,2016-06-18
EMP020,Inès,Michel,ins.michel@daystrack.eu,+33 6 20 67 53 39,292082590320743,Administration,Office Manager,2018-12-05
EMP021,Maxime,Girard,maxime.girard@daystrack.eu,+33 6 21 70 60 50,188041514026052,Logistics,Inventory Clerk,2016-10-22
EMP022,Juliette,Colin,juliette.colin@daystrack.eu,+33 6 22 73 67 61,291062027731351,Quality,QA Specialist,2019-04-30
EMP023,Antoine,Legrand,antoine.legrand@daystrack.eu,+33 6 23 76 74 72,186052841436625,Maintenance,Maintenance Supervisor,2015-08-14
EMP024,Sarah,Clement,sarah.clement@daystrack.eu,+33 6 24 79 81 83,293071055141961,Security,Security Coordinator,2019-11-18
EMP025,Julien,Duval,julien.duval@daystrack.eu,+33 6 25 82 88 94,189032068847278,Production,Production Manager,2017-02-25
EMP026,Claire,Maillard,claire.maillard@daystrack.eu,+33 6 26 85 95 15,294050582552534,Administration,Receptionist,2020-06-10
EMP027,Baptiste,Dubois,baptiste.dubois@daystrack.eu,+33 6 27 88 12 26,187081596257819,Logistics,Fleet Manager,2016-04-12
EMP028,Laura,Moreau,laura.moreau@daystrack.eu,+33 6 28 91 19 37,292092219963178,Quality,Inspector,2018-10-08
EMP029,Victor,Bertrand,victor.bertrand@daystrack.eu,+33 6 29 94 26 48,188061233668469,Maintenance,HVAC Technician,2017-03-15
EMP030,Anaïs,Blanc,anas.blanc@daystrack.eu,+33 6 30 97 33 59,291041847373774,Security,Access Control Officer,2018-07-20
EMP031,Gabriel,Lambert,gabriel.lambert@daystrack.eu,+33 6 31 10 40 70,186092561079074,Production,Foreman,2015-12-08
EMP032,Louise,Rousseau,louise.rousseau@daystrack.eu,+33 6 32 13 47 81,293053074784372,Administration,Payroll Specialist,2019-05-14
EMP033,Adam,Henry,adam.henry@daystrack.eu,+33 6 33 16 54 92,189070588489663,Logistics,Dispatcher,2017-09-22
EMP034,Jade,Caron,jade.caron@daystrack.eu,+33 6 34 19 61 13,294082012194903,Quality,Quality Analyst,2020-03-18
EMP035,Rayan,Gaillard,rayan.gaillard@daystrack.eu,+33 6 35 22 68 24,187041025810255,Maintenance,Welder,2016-08-05
EMP036,Alice,Richard,alice.richard@daystrack.eu,+33 6 36 25 75 35,292051539515537,Security,CCTV Operator,2019-01-12
EMP037,Leo,Lefebvre,leo.lefebvre@daystrack.eu,+33 6 37 28 82 46,188072053220891,Production,Process Technician,2017-06-28
EMP038,Zoé,Fournier,zo.fournier@daystrack.eu,+33 6 38 31 89 57,291031066926111,Administration,Admin Assistant,2018-04-16
EMP039,Sacha,Renard,sacha.renard@daystrack.eu,+33 6 39 34 96 68,186062580631454,Logistics,Supply Chain Manager,2015-10-20
EMP040,Romane,Martinez,romane.martinez@daystrack.eu,+33 6 40 37 13 79,293080894336763,Quality,Compliance Officer,2019-08-25
EMP041,Tom,Robin,tom.robin@daystrack.eu,+33 6 41 40 20 90,189051218042001,Maintenance,Instrument Technician,2017-11-10
EMP042,Louna,Renault,louna.renault@daystrack.eu,+33 6 42 43 27 11,294062531747358,Security,Emergency Response,2020-04-15
EMP043,Nathan,René,nathan.ren@daystrack.eu,+33 6 43 46 34 22,187033045452682,Production,Quality Control,2016-02-18
EMP044,Elise,Bernard,elise.bernard@daystrack.eu,+33 6 44 49 41 33,292070859157965,Administration,Document Controller,2018-08-22
EMP045,Marilou,Leroy,marilou.leroy@daystrack.eu,+33 6 45 52 48 44,188051572863201,Logistics,Logistics Manager,2016-11-28
EMP046,Bastien,David,bastien.david@daystrack.eu,+33 6 46 55 55 55,291062086568581,Quality,Auditor,2019-02-14
EMP047,Margaux,Mercier,margaux.mercier@daystrack.eu,+33 6 47 58 62 66,186081010273841,Maintenance,Plumber,2015-09-08
EMP048,Enzo,Dupont,enzo.dupont@daystrack.eu,+33 6 48 61 69 77,293042523979160,Security,Safety Officer,2019-10-20
EMP049,Célia,Faure,clia.faure@daystrack.eu,+33 6 49 64 76 88,189062037684493,Production,Shift Supervisor,2017-07-12
EMP050,Timéo,Nicolas,timo.nicolas@daystrack.eu,+33 6 50 67 83 99,294081251389754,Administration,Training Coordinator,2020-01-25
EMP051,Ambre,Aubert,ambre.aubert@daystrack.eu,+33 6 51 70 90 20,187051865095051,Logistics,Procurement Officer,2016-05-10
EMP052,Gaspard,Pires,gaspard.pires@daystrack.eu,+33 6 52 73 97 31,292092578710354,Quality,Test Engineer,2018-11-15
EMP053,Alba,Robert,alba.robert@daystrack.eu,+33 6 53 76 14 42,188041092415651,Maintenance,Automation Engineer,2017-04-20
EMP054,Malo,Laurent,malo.laurent@daystrack.eu,+33 6 54 79 21 53,291071516120903,Security,Patrol Officer,2018-09-28
EMP055,Lou,Vincent,lou.vincent@daystrack.eu,+33 6 55 82 28 64,186062229826204,Production,Production Planner,2015-11-12
EMP056,Côme,Boyer,cme.boyer@daystrack.eu,+33 6 56 85 35 75,293053043531566,Administration,Benefits Administrator,2019-06-18
EMP057,Maëlys,Francois,malys.francois@daystrack.eu,+33 6 57 88 42 86,189080557236873,Logistics,Shipping Supervisor,2017-10-05
EMP058,Idriss,Perrin,idriss.perrin@daystrack.eu,+33 6 58 91 49 97,294091870942133,Quality,Calibration Technician,2020-02-28
EMP059,Océane,Charpentier,ocane.charpentier@daystrack.eu,+33 6 59 94 56 18,187031284647415,Maintenance,Painter,2016-07-14
EMP060,Ulysse,Breton,ulysse.breton@daystrack.eu,+33 6 60 97 63 29,292042598352772,Security,Fire Safety Officer,2018-12-20
